{"related": {"0": {"precision": 0.6686991869918699, "recall": 0.2728026533996683, "f1-score": 0.3875147232037691, "support": 1206}, "1": {"precision": 0.8136817505842362, "recall": 0.9591785624843476, "f1-score": 0.8804597701149425, "support": 3993}, "accuracy": 0.7999615310636661, "macro avg": {"precision": 0.7411904687880531, "recall": 0.615990607942008, "f1-score": 0.6339872466593558, "support": 5199}, "weighted avg": {"precision": 0.7800504807838142, "recall": 0.7999615310636661, "f1-score": 0.7661124482117159, "support": 5199}}, "request": {"0": {"precision": 0.8981279930343927, "recall": 0.966050105361742, "f1-score": 0.9308516638465877, "support": 4271}, "1": {"precision": 0.7603305785123967, "recall": 0.4956896551724138, "f1-score": 0.6001304631441617, "support": 928}, "accuracy": 0.8820927101365648, "macro avg": {"precision": 0.8292292857733947, "recall": 0.7308698802670779, "f1-score": 0.7654910634953747, "support": 5199}, "weighted avg": {"precision": 0.8735317243911128, "recall": 0.8820927101365648, "f1-score": 0.8718192971891822, "support": 5199}}, "offer": {"0": {"precision": 0.9953775038520801, "recall": 0.9986473429951691, "f1-score": 0.9970097424520112, "support": 5175}, "1": {"precision": 0.0, "recall": 0.0, "f1-score": 0.0, "support": 24}, "accuracy": 0.9940373148682439, "macro avg": {"precision": 0.49768875192604006, "recall": 0.49932367149758455, "f1-score": 0.4985048712260056, "support": 5199}, "weighted avg": {"precision": 0.990782570193213, "recall": 0.9940373148682439, "f1-score": 0.9924072739352103, "support": 5199}}, "aid_related": {"0": {"precision": 0.7409117137911136, "recall": 0.8503311258278146, "f1-score": 0.7918593894542091, "support": 3020}, "1": {"precision": 0.7391806116560877, "recall": 0.5878843506195502, "f1-score": 0.6549079754601227, "support": 2179}, "accuracy": 0.740334679746105, "macro avg": {"precision": 0.7400461627236007, "recall": 0.7191077382236823, "f1-score": 0.7233836824571659, "support": 5199}, "weighted avg": {"precision": 0.7401861758891668, "recall": 0.740334679746105, "f1-score": 0.7344604413693632, "support": 5199}}, "medical_help": {"0": {"precision": 0.9364381371177294, "recall": 0.9852786540483701, "f1-score": 0.9602377536380405, "support": 4755}, "1": {"precision": 0.6428571428571429, "recall": 0.28378378378378377, "f1-score": 0.39375, "support": 444}, "accuracy": 0.9253702635122139, "macro avg": {"precision": 0.7896476399874361, "recall": 0.634531218916077, "f1-score": 0.6769938768190202, "support": 5199}, "weighted avg": {"precision": 0.9113660152766637, "recall": 0.9253702635122139, "f1-score": 0.911859111088456, "support": 5199}}, "medical_products": {"0": {"precision": 0.963668499607227, "recall": 0.9907126993741167, "f1-score": 0.9770034843205575, "support": 4953}, "1": {"precision": 0.5700934579439252, "recall": 0.24796747967479674, "f1-score": 0.34560906515580736, "support": 246}, "accuracy": 0.9555683785343335, "macro avg": {"precision": 0.7668809787755761, "recall": 0.6193400895244567, "f1-score": 0.6613062747381824, "support": 5199}, "weighted avg": {"precision": 0.9450457913461822, "recall": 0.9555683785343335, "f1-score": 0.9471279261142623, "support": 5199}}, "search_and_rescue": {"0": {"precision": 0.9769335142469471, "recall": 0.995850622406639, "f1-score": 0.9863013698630138, "support": 5061}, "1": {"precision": 0.475, "recall": 0.13768115942028986, "f1-score": 0.21348314606741572, "support": 138}, "accuracy": 0.9730717445662628, "macro avg": {"precision": 0.7259667571234736, "recall": 0.5667658909134644, "f1-score": 0.5998922579652147, "support": 5199}, "weighted avg": {"precision": 0.9636104088485861, "recall": 0.9730717445662628, "f1-score": 0.9657880182792875, "support": 5199}}, "security": {"0": {"precision": 0.9836128783497204, "recall": 0.9978486211617446, "f1-score": 0.9906796116504853, "support": 5113}, "1": {"precision": 0.08333333333333333, "recall": 0.011627906976744186, "f1-score": 0.02040816326530612, "support": 86}, "accuracy": 0.981534910559723, "macro avg": {"precision": 0.5334731058415269, "recall": 0.5047382640692444, "f1-score": 0.5055438874578957, "support": 5199}, "weighted avg": {"precision": 0.9687207758547388, "recall": 0.981534910559723, "f1-score": 0.9746297281034331, "support": 5199}}, "military": {"0": {"precision": 0.9751078008624069, "recall": 0.988869012124826, "f1-score": 0.9819401954011645, "support": 5031}, "1": {"precision": 0.422680412371134, "recall": 0.24404761904761904, "f1-score": 0.30943396226415093, "support": 168}, "accuracy": 0.964800923254472, "macro avg": {"precision": 0.6988941066167704, "recall": 0.6164583155862225, "f1-score": 0.6456870788326577, "support": 5199}, "weighted avg": {"precision": 0.9572567138713444, "recall": 0.964800923254472, "f1-score": 0.9602088918491316, "support": 5199}}, "water": {"0": {"precision": 0.9788273615635179, "recall": 0.983633387888707, "f1-score": 0.9812244897959184, "support": 4888}, "1": {"precision": 0.7212543554006968, "recall": 0.6655948553054662, "f1-score": 0.6923076923076924, "support": 311}, "accuracy": 0.9646085785728025, "macro avg": {"precision": 0.8500408584821073, "recall": 0.8246141215970866, "f1-score": 0.8367660910518053, "support": 5199}, "weighted avg": {"precision": 0.9634195514237532, "recall": 0.9646085785728025, "f1-score": 0.9639417192595002, "support": 5199}}, "food": {"0": {"precision": 0.9553213909378293, "recall": 0.9841511072514112, "f1-score": 0.9695219762592237, "support": 4606}, "1": {"precision": 0.8392070484581498, "recall": 0.642495784148398, "f1-score": 0.7277936962750717, "support": 593}, "accuracy": 0.9451817657241778, "macro avg": {"precision": 0.8972642196979895, "recall": 0.8133234456999046, "f1-score": 0.8486578362671477, "support": 5199}, "weighted avg": {"precision": 0.9420773430266058, "recall": 0.9451817657241778, "f1-score": 0.9419503528642242, "support": 5199}}, "shelter": {"0": {"precision": 0.9426957223567393, "recall": 0.9866948257655755, "f1-score": 0.9641935816737179, "support": 4735}, "1": {"precision": 0.7407407407407407, "recall": 0.3879310344827586, "f1-score": 0.5091937765205091, "support": 464}, "accuracy": 0.9332563954606655, "macro avg": {"precision": 0.8417182315487399, "recall": 0.687312930124167, "f1-score": 0.7366936790971135, "support": 5199}, "weighted avg": {"precision": 0.9246716578309028, "recall": 0.9332563954606655, "f1-score": 0.9235857898693154, "support": 5199}}, "clothing": {"0": {"precision": 0.9908861741322474, "recall": 0.9974624243607262, "f1-score": 0.9941634241245136, "support": 5123}, "1": {"precision": 0.6904761904761905, "recall": 0.3815789473684211, "f1-score": 0.49152542372881364, "support": 76}, "accuracy": 0.9884593190998269, "macro avg": {"precision": 0.840681182304219, "recall": 0.6895206858645736, "f1-score": 0.7428444239266636, "support": 5199}, "weighted avg": {"precision": 0.9864947221688198, "recall": 0.9884593190998269, "f1-score": 0.9868157634147477, "support": 5199}}, "money": {"0": {"precision": 0.9793734189531037, "recall": 0.9952541032232549, "f1-score": 0.9872499019223225, "support": 5057}, "1": {"precision": 0.6, "recall": 0.2535211267605634, "f1-score": 0.3564356435643564, "support": 142}, "accuracy": 0.9749951913829583, "macro avg": {"precision": 0.7896867094765518, "recall": 0.6243876149919092, "f1-score": 0.6718427727433395, "support": 5199}, "weighted avg": {"precision": 0.9690116137037594, "recall": 0.9749951913829583, "f1-score": 0.9700205069065828, "support": 5199}}, "missing_people": {"0": {"precision": 0.9905514847666795, "recall": 0.9992219412565648, "f1-score": 0.9948678222136148, "support": 5141}, "1": {"precision": 0.6923076923076923, "recall": 0.15517241379310345, "f1-score": 0.2535211267605634, "support": 58}, "accuracy": 0.9898057318715138, "macro avg": {"precision": 0.8414295885371859, "recall": 0.5771971775248341, "f1-score": 0.6241944744870891, "support": 5199}, "weighted avg": {"precision": 0.9872242795420938, "recall": 0.9898057318715138,