{"related": {"0": {"precision": 0.5061068702290077, "recall": 0.5497512437810945, "f1-score": 0.5270270270270271, "support": 1206}, "1": {"precision": 0.8603754178452044, "recall": 0.8379664412722264, "f1-score": 0.8490230905861457, "support": 3993}, "accuracy": 0.7711098288132333, "macro avg": {"precision": 0.683241144037106, "recall": 0.6938588425266605, "f1-score": 0.6880250588065864, "support": 5199}, "weighted avg": {"precision": 0.7781965625989776, "recall": 0.7711098288132333, "f1-score": 0.774330408791128, "support": 5199}}, "request": {"0": {"precision": 0.9059995142093757, "recall": 0.8733317724186374, "f1-score": 0.8893657606103959, "support": 4271}, "1": {"precision": 0.5, "recall": 0.5829741379310345, "f1-score": 0.5383084577114428, "support": 928}, "accuracy": 0.8215041354106559, "macro avg": {"precision": 0.7029997571046879, "recall": 0.7281529551748359, "f1-score": 0.7138371091609192, "support": 5199}, "weighted avg": {"precision": 0.8335302798977196, "recall": 0.8215041354106559, "f1-score": 0.8267034838090439, "support": 5199}}, "offer": {"0": {"precision": 0.9954777821470704, "recall": 0.9783574879227053, "f1-score": 0.9868433875840561, "support": 5175}, "1": {"precision": 0.008849557522123894, "recall": 0.041666666666666664, "f1-score": 0.014598540145985403, "support": 24}, "accuracy": 0.9740334679746105, "macro avg": {"precision": 0.5021636698345971, "recall": 0.510012077294686, "f1-score": 0.5007209638650207, "support": 5199}, "weighted avg": {"precision": 0.9909232375440701, "recall": 0.9740334679746105, "f1-score": 0.982355240567608, "support": 5199}}, "aid_related": {"0": {"precision": 0.7376220949814752, "recall": 0.7251655629139073, "f1-score": 0.7313407914509934, "support": 3020}, "1": {"precision": 0.6278026905829597, "recall": 0.6424965580541533, "f1-score": 0.6350646405080518, "support": 2179}, "accuracy": 0.6905174071936911, "macro avg": {"precision": 0.6827123927822174, "recall": 0.6838310604840303, "f1-score": 0.6832027159795226, "support": 5199}, "weighted avg": {"precision": 0.6915946892910799, "recall": 0.6905174071936911, "f1-score": 0.690989621436631, "support": 5199}}, "medical_help": {"0": {"precision": 0.944069640914037, "recall": 0.9123028391167193, "f1-score": 0.9279144385026737, "support": 4755}, "1": {"precision": 0.30960264900662254, "recall": 0.42117117117117114, "f1-score": 0.3568702290076336, "support": 444}, "accuracy": 0.870359684554722, "macro avg": {"precision": 0.6268361449603298, "recall": 0.6667370051439452, "f1-score": 0.6423923337551537, "support": 5199}, "weighted avg": {"precision": 0.8898855008088452, "recall": 0.870359684554722, "f1-score": 0.8791466698902872, "support": 5199}}, "medical_products": {"0": {"precision": 0.9666526845637584, "recall": 0.9305471431455683, "f1-score": 0.9482563522271371, "support": 4953}, "1": {"precision": 0.20185614849187936, "recall": 0.35365853658536583, "f1-score": 0.2570162481536189, "support": 246}, "accuracy": 0.9032506251202155, "macro avg": {"precision": 0.5842544165278188, "recall": 0.6421028398654671, "f1-score": 0.6026363001903781, "support": 5199}, "weighted avg": {"precision": 0.9304649661806689, "recall": 0.9032506251202155, "f1-score": 0.9155490882144259, "support": 5199}}, "search_and_rescue": {"0": {"precision": 0.9786535303776683, "recall": 0.9421063031021537, "f1-score": 0.9600322158461694, "support": 5061}, "1": {"precision": 0.10397553516819572, "recall": 0.2463768115942029, "f1-score": 0.14623655913978495, "support": 138}, "accuracy": 0.9236391613771879, "macro avg": {"precision": 0.5413145327729321, "recall": 0.5942415573481783, "f1-score": 0.5531343874929772, "support": 5199}, "weighted avg": {"precision": 0.9554364572215024, "recall": 0.9236391613771879, "f1-score": 0.9384311770645803, "support": 5199}}, "security": {"0": {"precision": 0.9855983772819472, "recall": 0.9503227068257383, "f1-score": 0.9676391516479139, "support": 5113}, "1": {"precision": 0.055762081784386616, "recall": 0.1744186046511628, "f1-score": 0.08450704225352113, "support": 86}, "accuracy": 0.9374879784573956, "macro avg": {"precision": 0.520680229533167, "recall": 0.5623706557384506, "f1-score": 0.5260730969507175, "support": 5199}, "weighted avg": {"precision": 0.9702173575833917, "recall": 0.9374879784573956, "f1-score": 0.9530306959049023, "support": 5199}}, "military": {"0": {"precision": 0.9809971393543114, "recall": 0.9542834426555357, "f1-score": 0.967455919395466, "support": 5031}, "1": {"precision": 0.2459016393442623, "recall": 0.44642857142857145, "f1-score": 0.3171247357293869, "support": 168}, "accuracy": 0.9378726678207348, "macro avg": {"precision": 0.6134493893492868, "recall": 0.7003560070420536, "f1-score": 0.6422903275624264, "support": 5199}, "weighted avg": {"precision": 0.9572433320833577, "recall": 0.9378726678207348, "f1-score": 0.9464411783191242, "support": 5199}}, "water": {"0": {"precision": 0.9800249687890137, "recall": 0.9635842880523732, "f1-score": 0.9717350938724986, "support": 4888}, "1": {"precision": 0.5470737913486005, "recall": 0.6913183279742765, "f1-score": 0.6107954545454545, "support": 311}, "accuracy": 0.9472975572225428, "macro avg": {"precision": 0.7635493800688071, "recall": 0.8274513080133248, "f1-score": 0.7912652742089765, "support": 5199}, "weighted avg": {"precision": 0.9541261774476079, "recall": 0.9472975572225428, "f1-score": 0.9501439748437025, "support": 5199}}, "food": {"0": {"precision": 0.9634733158355205, "recall": 0.9563612679114198, "f1-score": 0.9599041185443452, "support": 4606}, "1": {"precision": 0.6794258373205742, "recall": 0.718381112984823, "f1-score": 0.698360655737705, "support": 593}, "accuracy": 0.9292171571456049, "macro avg": {"precision": 0.8214495765780474, "recall": 0.8373711904481214, "f1-score": 0.8291323871410251, "support": 5199}, "weighted avg": {"precision": 0.9310747478879609, "recall": 0.9292171571456049, "f1-score": 0.9300723675452419, "support": 5199}}, "shelter": {"0": {"precision": 0.9522453450164293, "recall": 0.9180570221752904, "f1-score": 0.9348387096774192, "support": 4735}, "1": {"precision": 0.38801261829652994, "recall": 0.5301724137931034, "f1-score": 0.448087431693989, "support": 464}, "accuracy": 0.8834391229082516, "macro avg": {"precision": 0.6701289816564796, "recall": 0.7241147179841969, "f1-score": 0.6914630706857041, "support": 5199}, "weighted avg": {"precision": 0.9018887408236934, "recall": 0.8834391229082516, "f1-score": 0.8913971645756089, "support": 5199}}, "clothing": {"0": {"precision": 0.9910996835443038, "recall": 0.9781378098770251, "f1-score": 0.9845760880243639, "support": 5123}, "1": {"precision": 0.21678321678321677, "recall": 0.40789473684210525, "f1-score": 0.2831050228310502, "support": 76}, "accuracy": 0.9698018849778803, "macro avg": {"precision": 0.6039414501637603, "recall": 0.6930162733595652, "f1-score": 0.6338405554277071, "support": 5199}, "weighted avg": {"precision": 0.979780573816694, "recall": 0.9698018849778803, "f1-score": 0.974321846640503, "support": 5199}}, "money": {"0": {"precision": 0.9826661163846472, "recall": 0.9416650187858414, "f1-score": 0.9617287690598809, "support": 5057}, "1": {"precision": 0.1643059490084986, "recall": 0.4084507042253521, "f1-score": 0.23434343434343435, "support": 142}, "accuracy": 0.9271013656472399, "macro avg": {"precision": 0.573486032696573, "recall": 0.6750578615055968, "f1-score": 0.5980361017016577, "support": 5199}, "weighted avg": {"precision": 0.9603142903089761, "recall": 0.9271013656472399, "f1-score": 0.9418617335665677, "support": 5199}}, "missing_people": {"0": {"precision": 0.9915320992516738, "recall": 0.979381443298969, "f1-score": 0.9854193169586064, "support": 5141}, "1": {"precision": 0.12396694214876033, "recall": 0.25862068965517243, "f1-score": 0.1675977653631285, "support": 58}, "accuracy": 0.9713406424312367, "macro avg": {"precision": 0.5577495207002171, "recall": 0.6190010664770708, "f1-score": 0.5765085411608675, "support": 5199},