{"related": {"0": {"precision": 0.44314868804664725, "recall": 0.6301824212271974, "f1-score": 0.5203697363916467, "support": 1206}, "1": {"precision": 0.8719862227324914, "recall": 0.7608314550463311, "f1-score": 0.812625384512505, "support": 3993}, "accuracy": 0.7305251009809579, "macro avg": {"precision": 0.6575674553895693, "recall": 0.6955069381367642, "f1-score": 0.6664975604520759, "support": 5199}, "weighted avg": {"precision": 0.7725097721013838, "recall": 0.7305251009809579, "f1-score": 0.7448315180701593, "support": 5199}}, "request": {"0": {"precision": 0.9262838210933186, "recall": 0.78553032076797, "f1-score": 0.8501203598124921, "support": 4271}, "1": {"precision": 0.41915028535193405, "recall": 0.7122844827586207, "f1-score": 0.5277445109780439, "support": 928}, "accuracy": 0.7724562415849202, "macro avg": {"precision": 0.6727170532226263, "recall": 0.7489074017632953, "f1-score": 0.6889324353952679, "support": 5199}, "weighted avg": {"precision": 0.8357625821689092, "recall": 0.7724562415849202, "f1-score": 0.7925776039520636, "support": 5199}}, "offer": {"0": {"precision": 0.995497259201253, "recall": 0.9826086956521739, "f1-score": 0.989010989010989, "support": 5175}, "1": {"precision": 0.01098901098901099, "recall": 0.041666666666666664, "f1-score": 0.017391304347826087, "support": 24}, "accuracy": 0.9782650509713406, "macro avg": {"precision": 0.503243135095132, "recall": 0.5121376811594203, "f1-score": 0.5032011466794075, "support": 5199}, "weighted avg": {"precision": 0.9909525009867707, "recall": 0.9782650509713406, "f1-score": 0.9845257279161792, "support": 5199}}, "aid_related": {"0": {"precision": 0.732436974789916, "recall": 0.721523178807947, "f1-score": 0.7269391159299416, "support": 3020}, "1": {"precision": 0.6218525179856115, "recall": 0.6346948141349242, "f1-score": 0.6282080399727458, "support": 2179}, "accuracy": 0.6851317561069437, "macro avg": {"precision": 0.6771447463877638, "recall": 0.6781089964714356, "f1-score": 0.6775735779513437, "support": 5199}, "weighted avg": {"precision": 0.6860889210533168, "recall": 0.6851317561069437, "f1-score": 0.6855590400479009, "support": 5199}}, "medical_help": {"0": {"precision": 0.9511841469308845, "recall": 0.8277602523659306, "f1-score": 0.8851905993478016, "support": 4755}, "1": {"precision": 0.22808671065032987, "recall": 0.545045045045045, "f1-score": 0.321594684385382, "support": 444}, "accuracy": 0.8036160800153875, "macro avg": {"precision": 0.5896354287906072, "recall": 0.6864026487054878, "f1-score": 0.6033926418665918, "support": 5199}, "weighted avg": {"precision": 0.8894308748192158, "recall": 0.8036160800153875, "f1-score": 0.8370589228247559, "support": 5199}}, "medical_products": {"0": {"precision": 0.9672783550740659, "recall": 0.8833030486573794, "f1-score": 0.9233853946813002, "support": 4953}, "1": {"precision": 0.14497041420118342, "recall": 0.3983739837398374, "f1-score": 0.2125813449023861, "support": 246}, "accuracy": 0.8603577611079054, "macro avg": {"precision": 0.5561243846376247, "recall": 0.6408385161986084, "f1-score": 0.5679833697918432, "support": 5199}, "weighted avg": {"precision": 0.9283693815301672, "recall": 0.8603577611079054, "f1-score": 0.8897524275249985, "support": 5199}}, "search_and_rescue": {"0": {"precision": 0.9793553823467454, "recall": 0.9185931634064414, "f1-score": 0.9480016313213704, "support": 5061}, "1": {"precision": 0.08849557522123894, "recall": 0.2898550724637681, "f1-score": 0.13559322033898305, "support": 138}, "accuracy": 0.9019042123485286, "macro avg": {"precision": 0.5339254787839921, "recall": 0.6042241179351048, "f1-score": 0.5417974258301768, "support": 5199}, "weighted avg": {"precision": 0.9557087861968474, "recall": 0.9019042123485286, "f1-score": 0.9264374149883121, "support": 5199}}, "security": {"0": {"precision": 0.9850529375129748, "recall": 0.9280265988656367, "f1-score": 0.9556898288016114, "support": 5113}, "1": {"precision": 0.03664921465968586, "recall": 0.16279069767441862, "f1-score": 0.05982905982905983, "support": 86}, "accuracy": 0.9153683400653972, "macro avg": {"precision": 0.5108510760863304, "recall": 0.5454086482700277, "f1-score": 0.5077594443153356, "support": 5199}, "weighted avg": {"precision": 0.9693647820666617, "recall": 0.9153683400653972, "f1-score": 0.9408708201207805, "support": 5199}}, "military": {"0": {"precision": 0.9821278385197645, "recall": 0.9284436493738819, "f1-score": 0.9545315214059467, "support": 5031}, "1": {"precision": 0.1873589164785553, "recall": 0.49404761904761907, "f1-score": 0.27168576104746317, "support": 168}, "accuracy": 0.9144066166570495, "macro avg": {"precision": 0.5847433774991599, "recall": 0.7112456342107505, "f1-score": 0.6131086412267049, "support": 5199}, "weighted avg": {"precision": 0.9564457498675384, "recall": 0.9144066166570495, "f1-score": 0.9324661073378133, "support": 5199}}, "water": {"0": {"precision": 0.9889106327462491, "recall": 0.9304418985270049, "f1-score": 0.9587857067566142, "support": 4888}, "1": {"precision": 0.43333333333333335, "recall": 0.8360128617363344, "f1-score": 0.5708013172338091, "support": 311}, "accuracy": 0.9247932294672052, "macro avg": {"precision": 0.7111219830397912, "recall": 0.8832273801316697, "f1-score": 0.7647935119952116, "support": 5199}, "weighted avg": {"precision": 0.9556764453799446, "recall": 0.9247932294672052, "f1-score": 0.9355767925151077, "support": 5199}}, "food": {"0": {"precision": 0.9774050780340089, "recall": 0.9109856708640903, "f1-score": 0.9430273064389257, "support": 4606}, "1": {"precision": 0.5474613686534217, "recall": 0.836424957841484, "f1-score": 0.6617745163442295, "support": 593}, "accuracy": 0.9024812463935372, "macro avg": {"precision": 0.7624332233437152, "recall": 0.8737053143527871, "f1-score": 0.8024009113915775, "support": 5199}, "weighted avg": {"precision": 0.9283655281854442, "recall": 0.9024812463935372, "f1-score": 0.9109475017599191, "support": 5199}}, "shelter": {"0": {"precision": 0.9610263858629872, "recall": 0.8384371700105596, "f1-score": 0.8955560568463795, "support": 4735}, "1": {"precision": 0.28370786516853935, "recall": 0.6530172413793104, "f1-score": 0.3955613577023499, "support": 464}, "accuracy": 0.821888824773995, "macro avg": {"precision": 0.6223671255157632, "recall": 0.745727205694935, "f1-score": 0.6455587072743647, "support": 5199}, "weighted avg": {"precision": 0.9005771083861216, "recall": 0.821888824773995, "f1-score": 0.8509325637894782, "support": 5199}}, "clothing": {"0": {"precision": 0.9928158052284973, "recall": 0.9711106773374976, "f1-score": 0.981843299782909, "support": 5123}, "1": {"precision": 0.2127659574468085, "recall": 0.5263157894736842, "f1-score": 0.30303030303030304, "support": 76}, "accuracy": 0.9646085785728025, "macro avg": {"precision": 0.6027908813376529, "recall": 0.7487132334055908, "f1-score": 0.642436801406606, "support": 5199}, "weighted avg": {"precision": 0.981412883814493, "recall": 0.9646085785728025, "f1-score": 0.9719202784801204, "support": 5199}}, "money": {"0": {"precision": 0.9836743128745609, "recall": 0.9412695273877794, "f1-score": 0.9620048504446241, "support": 5057}, "1": {"precision": 0.175, "recall": 0.44366197183098594, "f1-score": 0.250996015936255, "support": 142}, "accuracy": 0.9276783996922485, "macro avg": {"precision": 0.5793371564372805, "recall": 0.6924657496093827, "f1-score": 0.6065004331904396, "support": 5199}, "weighted avg": {"precision": 0.9615870360082044, "recall": 0.9276783996922485, "f1-score": 0.9425851053974634, "support": 5199}}, "missing_people": {"0": {"precision": 0.9922140147734079, "recall": 0.9667379887181482, "f1-score": 0.9793103448275863, "support": 5141}, "1": {"precision": 0.1, "recall": 0.3275862068965517, "f1-score": 0.15322580645161293, "support": 58}, "accuracy": 0.9596076168493941, "macro avg": {"precision": 0.5461070073867039, "recall": 0.64716209780735, "f1-score": 0.5662680756395996, "support": 5199},