{"related": {"0": {"precision": 0.6219512195121951, "recall": 0.3383084577114428, "f1-score": 0.43823845327604727, "support": 1206}, "1": {"precision": 0.8243451463790447, "recall": 0.9378913097921362, "f1-score": 0.877460168697282, "support": 3993}, "accuracy": 0.7988074629736488, "macro avg": {"precision": 0.7231481829456199, "recall": 0.6380998837517895, "f1-score": 0.6578493109866647, "support": 5199}, "weighted avg": {"precision": 0.7773962954843687, "recall": 0.7988074629736488, "f1-score": 0.7755749236890095, "support": 5199}}, "request": {"0": {"precision": 0.8986899563318778, "recall": 0.9637087333177242, "f1-score": 0.930064399502881, "support": 4271}, "1": {"precision": 0.7495961227786753, "recall": 0.5, "f1-score": 0.5998707175177764, "support": 928}, "accuracy": 0.8809386420465474, "macro avg": {"precision": 0.8241430395552765, "recall": 0.7318543666588622, "f1-score": 0.7649675585103287, "support": 5199}, "weighted avg": {"precision": 0.8720773236068592, "recall": 0.8809386420465474, "f1-score": 0.8711261927550108, "support": 5199}}, "offer": {"0": {"precision": 0.9953801732435034, "recall": 0.9992270531400966, "f1-score": 0.9972999035679846, "support": 5175}, "1": {"precision": 0.0, "recall": 0.0, "f1-score": 0.0, "support": 24}, "accuracy": 0.9946143489132525, "macro avg": {"precision": 0.4976900866217517, "recall": 0.4996135265700483, "f1-score": 0.4986499517839923, "support": 5199}, "weighted avg": {"precision": 0.9907852272619985, "recall": 0.9946143489132525, "f1-score": 0.992696095588444, "support": 5199}}, "aid_related": {"0": {"precision": 0.7472140762463343, "recall": 0.8437086092715231, "f1-score": 0.7925349922239501, "support": 3020}, "1": {"precision": 0.7361654555617664, "recall": 0.6044056906837999, "f1-score": 0.6638104838709677, "support": 2179}, "accuracy": 0.7434121946528178, "macro avg": {"precision": 0.7416897659040503, "recall": 0.7240571499776616, "f1-score": 0.728172738047459, "support": 5199}, "weighted avg": {"precision": 0.742583388715718, "recall": 0.7434121946528178, "f1-score": 0.7385840971092841, "support": 5199}}, "medical_help": {"0": {"precision": 0.9243549648162627, "recall": 0.9945320715036803, "f1-score": 0.9581602674501064, "support": 4755}, "1": {"precision": 0.6867469879518072, "recall": 0.12837837837837837, "f1-score": 0.21631878557874762, "support": 444}, "accuracy": 0.9205616464704751, "macro avg": {"precision": 0.805550976384035, "recall": 0.5614552249410293, "f1-score": 0.587239526514427, "support": 5199}, "weighted avg": {"precision": 0.9040629967978326, "recall": 0.9205616464704751, "f1-score": 0.8948062343762684, "support": 5199}}, "medical_products": {"0": {"precision": 0.9652722967640095, "recall": 0.98768423177872, "f1-score": 0.9763496657020257, "support": 4953}, "1": {"precision": 0.5343511450381679, "recall": 0.2845528455284553, "f1-score": 0.3713527851458886, "support": 246}, "accuracy": 0.9544143104443162, "macro avg": {"precision": 0.7498117209010887, "recall": 0.6361185386535877, "f1-score": 0.6738512254239571, "support": 5199}, "weighted avg": {"precision": 0.9448824903926772, "recall": 0.9544143104443162, "f1-score": 0.9477231543312218, "support": 5199}}, "search_and_rescue": {"0": {"precision": 0.9734564339296018, "recall": 1.0, "f1-score": 0.9865497076023392, "support": 5061}, "1": {"precision": 0.0, "recall": 0.0, "f1-score": 0.0, "support": 138}, "accuracy": 0.9734564339296018, "macro avg": {"precision": 0.4867282169648009, "recall": 0.5, "f1-score": 0.4932748538011696, "support": 5199}, "weighted avg": {"precision": 0.9476174287589373, "recall": 0.9734564339296018, "f1-score": 0.9603631602568645, "support": 5199}}, "security": {"0": {"precision": 0.9834583573764185, "recall": 1.0, "f1-score": 0.9916602017067495, "support": 5113}, "1": {"precision": 0.0, "recall": 0.0, "f1-score": 0.0, "support": 86}, "accuracy": 0.9834583573764185, "macro avg": {"precision": 0.49172917868820926, "recall": 0.5, "f1-score": 0.49583010085337476, "support": 5199}, "weighted avg": {"precision": 0.9671903406935233, "recall": 0.9834583573764185, "f1-score": 0.9752565130460877, "support": 5199}}, "military": {"0": {"precision": 0.9676860934795153, "recall": 1.0, "f1-score": 0.9835777126099706, "support": 5031}, "1": {"precision": 0.0, "recall": 0.0, "f1-score": 0.0, "support": 168}, "accuracy": 0.9676860934795153, "macro avg": {"precision": 0.48384304673975764, "recall": 0.5, "f1-score": 0.4917888563049853, "support": 5199}, "weighted avg": {"precision": 0.9364163755136451, "recall": 0.9676860934795153, "f1-score": 0.9517944743490598, "support": 5199}}, "water": {"0": {"precision": 0.989201778530595, "recall": 0.955810147299509, "f1-score": 0.972219332015399, "support": 4888}, "1": {"precision": 0.5462184873949579, "recall": 0.8360128617363344, "f1-score": 0.6607369758576874, "support": 311}, "accuracy": 0.9486439699942296, "macro avg": {"precision": 0.7677101329627765, "recall": 0.8959115045179217, "f1-score": 0.8164781539365432, "support": 5199}, "weighted avg": {"precision": 0.9627028742137681, "recall": 0.9486439699942296, "f1-score": 0.9535867079020988, "support": 5199}}, "food": {"0": {"precision": 0.9593010867249094, "recall": 0.9774207555362571, "f1-score": 0.9682761587267448, "support": 4606}, "1": {"precision": 0.7944664031620553, "recall": 0.6779089376053963, "f1-score": 0.7315741583257507, "support": 593}, "accuracy": 0.9432583189074822, "macro avg": {"precision": 0.8768837449434823, "recall": 0.8276648465708267, "f1-score": 0.8499251585262477, "support": 5199}, "weighted avg": {"precision": 0.9404999774052764, "recall": 0.9432583189074822, "f1-score": 0.9412778347725633, "support": 5199}}, "shelter": {"0": {"precision": 0.9390464695232348, "recall": 0.9858500527983105, "f1-score": 0.9618792499484855, "support": 4735}, "1": {"precision": 0.706140350877193, "recall": 0.34698275862068967, "f1-score": 0.4653179190751445, "support": 464}, "accuracy": 0.9288324677822658, "macro avg": {"precision": 0.8225934102002139, "recall": 0.6664164057095001, "f1-score": 0.713598584511815, "support": 5199}, "weighted avg": {"precision": 0.9182600800152979, "recall": 0.9288324677822658, "f1-score": 0.9175621779105494, "support": 5199}}, "clothing": {"0": {"precision": 0.992234517569404, "recall": 0.9976576224868241, "f1-score": 0.9949386801635195, "support": 5123}, "1": {"precision": 0.75, "recall": 0.47368421052631576, "f1-score": 0.5806451612903226, "support": 76}, "accuracy": 0.9899980765531833, "macro avg": {"precision": 0.871117258784702, "recall": 0.7356709165065699, "f1-score": 0.7877919207269211, "support": 5199}, "weighted avg": {"precision": 0.9886934859603879, "recall": 0.9899980765531833, "f1-score": 0.9888824563831072, "support": 5199}}, "money": {"0": {"precision": 0.9728741823778376, "recall": 1.0, "f1-score": 0.9862506094588005, "support": 5057}, "1": {"precision": 1.0, "recall": 0.007042253521126761, "f1-score": 0.013986013986013986, "support": 142}, "accuracy": 0.9728793998845932, "macro avg": {"precision": 0.9864370911889189, "recall": 0.5035211267605634, "f1-score": 0.5001183117224073, "support": 5199}, "weighted avg": {"precision": 0.9736150683371273, "recall": 0.9728793998845932, "f1-score": 0.9596952002345005, "support": 5199}}, "missing_people": {"0": {"precision": 0.9913127413127413, "recall": 0.9988329118848474, "f1-score": 0.995058618350935, "support": 5141}, "1": {"precision": 0.6842105263157895, "recall": 0.22413793103448276, "f1-score": 0.33766233766233766, "support": 58}, "accuracy": 0.9901904212348529, "macro avg": {"precision": 0.8377616338142654, "recall": 0.611485421459665, "f1-score": 0.6663604780066363, "support": 5199}, "weighted avg": {"precision": 0.9878867116012923, "recall": 0.9901904212348529, "f1-score": 0.9877247110072267, "support": 5199}}, "refugees": {"0": {"precision": 0.9676860934795153, "recall": 1.0, "f1-score": 0.9835777126099706, "support": 5031}, "1": {"precision": 0.0, "recall": 0.0, "f1-score": 0.0, "support": 168},