{"related": {"0": {"precision": 0.6538882803943045, "recall": 0.49502487562189057, "f1-score": 0.5634733364794715, "support": 1206}, "1": {"precision": 0.8579094727018198, "recall": 0.9208615076383672, "f1-score": 0.8882715303780649, "support": 3993}, "accuracy": 0.8220811694556646, "macro avg": {"precision": 0.7558988765480621, "recall": 0.7079431916301289, "f1-score": 0.7258724334287683, "support": 5199}, "weighted avg": {"precision": 0.8105831488082126, "recall": 0.8220811694556646, "f1-score": 0.8129288448920668, "support": 5199}}, "request": {"0": {"precision": 0.9045444661883018, "recall": 0.9740107703114025, "f1-score": 0.9379932356257047, "support": 4271}, "1": {"precision": 0.815, "recall": 0.5269396551724138, "f1-score": 0.6400523560209425, "support": 928}, "accuracy": 0.8942104250817465, "macro avg": {"precision": 0.8597722330941509, "recall": 0.7504752127419081, "f1-score": 0.7890227958233236, "support": 5199}, "weighted avg": {"precision": 0.8885611492768295, "recall": 0.8942104250817465, "f1-score": 0.884812020724143, "support": 5199}}, "offer": {"0": {"precision": 0.9953819511256494, "recall": 0.9996135265700483, "f1-score": 0.9974932510605476, "support": 5175}, "1": {"precision": 0.0, "recall": 0.0, "f1-score": 0.0, "support": 24}, "accuracy": 0.9949990382765916, "macro avg": {"precision": 0.4976909755628247, "recall": 0.49980676328502416, "f1-score": 0.4987466255302738, "support": 5199}, "weighted avg": {"precision": 0.9907869969369564, "recall": 0.9949990382765916, "f1-score": 0.9928885505363212, "support": 5199}}, "aid_related": {"0": {"precision": 0.7755690926579032, "recall": 0.8009933774834437, "f1-score": 0.7880762339143182, "support": 3020}, "1": {"precision": 0.7110576923076923, "recall": 0.6787517209729234, "f1-score": 0.6945292322141349, "support": 2179}, "accuracy": 0.7497595691479131, "macro avg": {"precision": 0.7433133924827977, "recall": 0.7398725492281835, "f1-score": 0.7413027330642266, "support": 5199}, "weighted avg": {"precision": 0.7485311350962357, "recall": 0.7497595691479131, "f1-score": 0.7488689023688865, "support": 5199}}, "medical_help": {"0": {"precision": 0.9230017588430721, "recall": 0.9932702418506835, "f1-score": 0.9568476499189628, "support": 4755}, "1": {"precision": 0.6097560975609756, "recall": 0.11261261261261261, "f1-score": 0.19011406844106465, "support": 444}, "accuracy": 0.9180611656087709, "macro avg": {"precision": 0.7663789282020239, "recall": 0.5529414272316481, "f1-score": 0.5734808591800137, "support": 5199}, "weighted avg": {"precision": 0.8962502540134413, "recall": 0.9180611656087709, "f1-score": 0.8913678056842662, "support": 5199}}, "medical_products": {"0": {"precision": 0.9568748791336299, "recall": 0.9989905108015344, "f1-score": 0.9774792572105887, "support": 4953}, "1": {"precision": 0.8214285714285714, "recall": 0.09349593495934959, "f1-score": 0.1678832116788321, "support": 246}, "accuracy": 0.9561454125793422, "macro avg": {"precision": 0.8891517252811006, "recall": 0.546243222880442, "f1-score": 0.5726812344447104, "support": 5199}, "weighted avg": {"precision": 0.9504659944066739, "recall": 0.9561454125793422, "f1-score": 0.9391717697705402, "support": 5199}}, "search_and_rescue": {"0": {"precision": 0.9745615725573328, "recall": 0.9992096423631693, "f1-score": 0.9867317073170733, "support": 5061}, "1": {"precision": 0.6, "recall": 0.043478260869565216, "f1-score": 0.08108108108108109, "support": 138}, "accuracy": 0.9738411232929409, "macro avg": {"precision": 0.7872807862786664, "recall": 0.5213439516163673, "f1-score": 0.5339063941990772, "support": 5199}, "weighted avg": {"precision": 0.964619372708725, "recall": 0.9738411232929409, "f1-score": 0.9626925100828808, "support": 5199}}, "security": {"0": {"precision": 0.9836412625096228, "recall": 0.9996088402112263, "f1-score": 0.9915607721408478, "support": 5113}, "1": {"precision": 0.3333333333333333, "recall": 0.011627906976744186, "f1-score": 0.02247191011235955, "support": 86}, "accuracy": 0.983266012694749, "macro avg": {"precision": 0.6584872979214781, "recall": 0.5056183735939852, "f1-score": 0.5070163411266037, "support": 5199}, "weighted avg": {"precision": 0.9728841011499074, "recall": 0.983266012694749, "f1-score": 0.9755304505146791, "support": 5199}}, "military": {"0": {"precision": 0.9693405322020825, "recall": 0.9992049294374876, "f1-score": 0.9840461975139473, "support": 5031}, "1": {"precision": 0.6923076923076923, "recall": 0.05357142857142857, "f1-score": 0.09944751381215469, "support": 168}, "accuracy": 0.9686478168878631, "macro avg": {"precision": 0.8308241122548874, "recall": 0.5263881790044581, "f1-score": 0.541746855663051, "support": 5199}, "weighted avg": {"precision": 0.9603885189106307, "recall": 0.9686478168878631, "f1-score": 0.9554613583406639, "support": 5199}}, "water": {"0": {"precision": 0.9701163257119936, "recall": 0.9895662847790507, "f1-score": 0.9797447842819526, "support": 4888}, "1": {"precision": 0.7605633802816901, "recall": 0.5209003215434084, "f1-score": 0.6183206106870228, "support": 311}, "accuracy": 0.9615310636660896, "macro avg": {"precision": 0.8653398529968419, "recall": 0.7552333031612295, "f1-score": 0.7990326974844877, "support": 5199}, "weighted avg": {"precision": 0.9575810369970822, "recall": 0.9615310636660896, "f1-score": 0.9581246808028175, "support": 5199}}, "food": {"0": {"precision": 0.949874686716792, "recall": 0.9874077290490665, "f1-score": 0.968277624015329, "support": 4606}, "1": {"precision": 0.8588807785888077, "recall": 0.5952782462057336, "f1-score": 0.7031872509960159, "support": 593}, "accuracy": 0.9426812848624736, "macro avg": {"precision": 0.9043777326527999, "recall": 0.7913429876274001, "f1-score": 0.8357324375056725, "support": 5199}, "weighted avg": {"precision": 0.9394958855011939, "recall": 0.9426812848624736, "f1-score": 0.938041311031976, "support": 5199}}, "shelter": {"0": {"precision": 0.9297586070439257, "recall": 0.9923970432946145, "f1-score": 0.9600572070691593, "support": 4735}, "1": {"precision": 0.7517241379310344, "recall": 0.2349137931034483, "f1-score": 0.3579638752052545, "support": 464}, "accuracy": 0.9247932294672052, "macro avg": {"precision": 0.84074137248748, "recall": 0.6136554181990315, "f1-score": 0.6590105411372069, "support": 5199}, "weighted avg": {"precision": 0.9138693987984206, "recall": 0.9247932294672052, "f1-score": 0.9063216221518962, "support": 5199}}, "clothing": {"0": {"precision": 0.9874662553027381, "recall": 0.999609603747804, "f1-score": 0.9935008245222622, "support": 5123}, "1": {"precision": 0.8461538461538461, "recall": 0.14473684210526316, "f1-score": 0.24719101123595508, "support": 76}, "accuracy": 0.98711290632814, "macro avg": {"precision": 0.9168100507282921, "recall": 0.5721732229265336, "f1-score": 0.6203459178791086, "support": 5199}, "weighted avg": {"precision": 0.9854005228358568, "recall": 0.98711290632814, "f1-score": 0.9825911215390425, "support": 5199}}, "money": {"0": {"precision": 0.9734155268734348, "recall": 0.9992090172038758, "f1-score": 0.9861436377829821, "support": 5057}, "1": {"precision": 0.5, "recall": 0.028169014084507043, "f1-score": 0.05333333333333334, "support": 142}, "accuracy": 0.9726870552029236, "macro avg": {"precision": 0.7367077634367174, "recall": 0.5136890156441914, "f1-score": 0.5197384855581577, "support": 5199}, "weighted avg": {"precision": 0.9604851547218618, "recall": 0.9726870552029236, "f1-score": 0.9606658414314049, "support": 5199}}, "missing_people": {"0": {"precision": 0.9888354186717998, "recall": 0.9992219412565648, "f1-score": 0.9940015479876161, "support": 5141}, "1": {"precision": 0.0, "recall": 0.0, "f1-score": 0.0, "support": 58}, "accuracy": 0.9880746297364877, "macro avg": {"precision": 0.4944177093358999, "recall": 0.4996109706282824, "f1-score": 0.49700077399380804, "support": 5199}, "weighted avg": {"precision": 0.9778039791097756, "recall": 0.9880746297364877, "f1-score": 0.9829124751306663, "support": 5199}},