{"related": {"0": {"precision": 0.5278858625162127, "recall": 0.6699588477366255, "f1-score": 0.5904969169387014, "support": 1215}, "1": {"precision": 0.8903472791905934, "recall": 0.8172690763052208, "f1-score": 0.8522444706190289, "support": 3984}, "accuracy": 0.782842854395076, "macro avg": {"precision": 0.7091165708534031, "recall": 0.7436139620209232, "f1-score": 0.7213706937788651, "support": 5199}, "weighted avg": {"precision": 0.8056404853342033, "recall": 0.782842854395076, "f1-score": 0.7910743845021607, "support": 5199}}, "request": {"0": {"precision": 0.9462536404553878, "recall": 0.8342670401493931, "f1-score": 0.8867386180374643, "support": 4284}, "1": {"precision": 0.5007032348804501, "recall": 0.7781420765027323, "f1-score": 0.6093281985451433, "support": 915}, "accuracy": 0.8243893056356991, "macro avg": {"precision": 0.723478437667919, "recall": 0.8062045583260626, "f1-score": 0.7480334082913038, "support": 5199}, "weighted avg": {"precision": 0.8678388258562211, "recall": 0.8243893056356991, "f1-score": 0.8379156648088677, "support": 5199}}, "offer": {"0": {"precision": 0.9966977466977467, "recall": 0.9905405405405405, "f1-score": 0.9936096049573974, "support": 5180}, "1": {"precision": 0.0392156862745098, "recall": 0.10526315789473684, "f1-score": 0.05714285714285714, "support": 19}, "accuracy": 0.9873052510098096, "macro avg": {"precision": 0.5179567164861283, "recall": 0.5479018492176386, "f1-score": 0.5253762310501272, "support": 5199}, "weighted avg": {"precision": 0.9931985816375349, "recall": 0.9873052510098096, "f1-score": 0.9901872413858496, "support": 5199}}, "aid_related": {"0": {"precision": 0.811621021465581, "recall": 0.7351659403285283, "f1-score": 0.7715039577836411, "support": 2983}, "1": {"precision": 0.683620344413296, "recall": 0.7703068592057761, "f1-score": 0.7243793761935073, "support": 2216}, "accuracy": 0.7501442585112522, "macro avg": {"precision": 0.7476206829394385, "recall": 0.7527363997671522, "f1-score": 0.7479416669885742, "support": 5199}, "weighted avg": {"precision": 0.7570625486154438, "recall": 0.7501442585112522, "f1-score": 0.7514177733628417, "support": 5199}}, "medical_help": {"0": {"precision": 0.962784588441331, "recall": 0.9164409251927484, "f1-score": 0.9390413152556848, "support": 4799}, "1": {"precision": 0.36450079239302696, "recall": 0.575, "f1-score": 0.4461687681862269, "support": 400}, "accuracy": 0.8901711867666859, "macro avg": {"precision": 0.6636426904171789, "recall": 0.7457204625963743, "f1-score": 0.6926050417209558, "support": 5199}, "weighted avg": {"precision": 0.9167539059217462, "recall": 0.8901711867666859, "f1-score": 0.9011207499877902, "support": 5199}}, "medical_products": {"0": {"precision": 0.9790933098591549, "recall": 0.8991511721907841, "f1-score": 0.9374209860935523, "support": 4948}, "1": {"precision": 0.2381679389312977, "recall": 0.6215139442231076, "f1-score": 0.3443708609271523, "support": 251}, "accuracy": 0.8857472590882862, "macro avg": {"precision": 0.6086306243952263, "recall": 0.7603325582069458, "f1-score": 0.6408959235103523, "support": 5199}, "weighted avg": {"precision": 0.9433225331515395, "recall": 0.8857472590882862, "f1-score": 0.9087894066712083, "support": 5199}}, "search_and_rescue": {"0": {"precision": 0.9782696177062374, "recall": 0.9637264618434093, "f1-score": 0.9709435846230654, "support": 5045}, "1": {"precision": 0.20087336244541484, "recall": 0.2987012987012987, "f1-score": 0.24020887728459528, "support": 154}, "accuracy": 0.9440276976341604, "macro avg": {"precision": 0.5895714900758261, "recall": 0.6312138802723539, "f1-score": 0.6055762309538304, "support": 5199}, "weighted avg": {"precision": 0.9552423002778536, "recall": 0.9440276976341604, "f1-score": 0.949298432684207, "support": 5199}}, "security": {"0": {"precision": 0.9813322853212813, "recall": 0.9821042281219272, "f1-score": 0.9817181049734617, "support": 5085}, "1": {"precision": 0.17272727272727273, "recall": 0.16666666666666666, "f1-score": 0.16964285714285715, "support": 114}, "accuracy": 0.9642238892094633, "macro avg": {"precision": 0.577029779024277, "recall": 0.574385447394297, "f1-score": 0.5756804810581594, "support": 5199}, "weighted avg": {"precision": 0.9636017657144882, "recall": 0.9642238892094633, "f1-score": 0.9639114924993917, "support": 5199}}, "military": {"0": {"precision": 0.9877057720358408, "recall": 0.9444112372982666, "f1-score": 0.9655734365451212, "support": 5019}, "1": {"precision": 0.3025, "recall": 0.6722222222222223, "f1-score": 0.41724137931034483, "support": 180}, "accuracy": 0.9349874975956914, "macro avg": {"precision": 0.6451028860179204, "recall": 0.8083167297602445, "f1-score": 0.691407407927733, "support": 5199}, "weighted avg": {"precision": 0.9639825485377735, "recall": 0.9349874975956914, "f1-score": 0.9465890606454752, "support": 5199}}, "water": {"0": {"precision": 0.9917677642980935, "recall": 0.936387809367969, "f1-score": 0.9632824829037349, "support": 4889}, "1": {"precision": 0.4665523156089194, "recall": 0.8774193548387097, "f1-score": 0.6091825307950728, "support": 310}, "accuracy": 0.9328717060973264, "macro avg": {"precision": 0.7291600399535065, "recall": 0.9069035821033393, "f1-score": 0.7862325068494038, "support": 5199}, "weighted avg": {"precision": 0.9604508208294181, "recall": 0.9328717060973264, "f1-score": 0.9421686177077961, "support": 5199}}, "food": {"0": {"precision": 0.9755985267034991, "recall": 0.9207038887681946, "f1-score": 0.9473566558623002, "support": 4603}, "1": {"precision": 0.5730994152046783, "recall": 0.8221476510067114, "f1-score": 0.6753962784286699, "support": 596}, "accuracy": 0.9094056549336411, "macro avg": {"precision": 0.7743489709540887, "recall": 0.871425769887453, "f1-score": 0.8113764671454851, "support": 5199}, "weighted avg": {"precision": 0.9294570628732823, "recall": 0.9094056549336411, "f1-score": 0.9161798170566753, "support": 5199}}, "shelter": {"0": {"precision": 0.972083035075161, "recall": 0.8591311682834247, "f1-score": 0.9121235867009964, "support": 4742}, "1": {"precision": 0.3373015873015873, "recall": 0.7439824945295405, "f1-score": 0.46416382252559735, "support": 457}, "accuracy": 0.8490094248894018, "macro avg": {"precision": 0.6546923111883742, "recall": 0.8015568314064826, "f1-score": 0.6881437046132969, "support": 5199}, "weighted avg": {"precision": 0.9162847812508633, "recall": 0.8490094248894018, "f1-score": 0.8727472427448206, "support": 5199}}, "clothing": {"0": {"precision": 0.99264559729676, "recall": 0.9772994129158513, "f1-score": 0.9849127304999508, "support": 5110}, "1": {"precision": 0.30952380952380953, "recall": 0.5842696629213483, "f1-score": 0.4046692607003891, "support": 89}, "accuracy": 0.9705712637045586, "macro avg": {"precision": 0.6510847034102848, "recall": 0.7807845379185998, "f1-score": 0.6947909956001699, "support": 5199}, "weighted avg": {"precision": 0.9809514562866057, "recall": 0.9705712637045586, "f1-score": 0.9749797301513913, "support": 5199}}, "money": {"0": {"precision": 0.9856246203684956, "recall": 0.9616752271829316, "f1-score": 0.9735026497350264, "support": 5062}, "1": {"precision": 0.25384615384615383, "recall": 0.48175182481751827, "f1-score": 0.33249370277078083, "support": 137}, "accuracy": 0.9490286593575687, "macro avg": {"precision": 0.6197353871073248, "recall": 0.721713526000225, "f1-score": 0.6529981762529036, "support": 5199}, "weighted avg": {"precision": 0.966341363989661, "recall": 0.9490286593575687, "f1-score": 0.9566112810614159, "support": 5199}}, "missing_people": {"0": {"precision": 0.9904090820121354, "recall": 0.9867394695787831, "f1-score": 0.9885708703721794, "support": 5128}, "1": {"precision": 0.24444444444444444, "recall": 0.30985915492957744, "f1-score": 0.27329192546583847, "support": 71}, "accuracy": 0.9774956722446624, "macro avg": {"precision": 0.6174267632282899, "recall": 0.6482993122541802, "f1-score": 0.630931397919009, "support": 5199},